checkpoint,step,clipping_ratio,silence_ratio,beat_stability,key_consistency,clap_score
ckpt_step11700,11700,0.0,0.006706407335069445,0.34235933079648967,0.8474586663985283,0.08198918712635835
ckpt_step19200,19200,0.0,0.004599338107638889,0.19866832487103223,0.8511959036111044,0.05900196606914202
ckpt_step19500,19500,0.0,0.005116102430555555,0.027248493160802592,0.7916469444410708,0.06577020262678464
ckpt_step2700,2700,0.0,0.025794813368055558,0.21137935725909865,0.9941820065208019,-0.07027077038461964
ckpt_step27000,27000,0.0,0.005357530381944444,0.20338697008910786,0.8291193052452007,0.07340704866995414
ckpt_step34500,34500,0.0,0.005052354600694444,0.04692114398901744,0.8514503335452903,0.08830871836592753
ckpt_step4200,4200,0.0,0.007602945963541666,0.0547488518326541,0.9953879806924716,-0.014805059259136518
ckpt_step42000,42000,0.0,0.005892605251736111,0.19286718644806577,0.8456061251911312,0.099710530291001
ckpt_step49500,49500,0.0,0.004751925998263888,0.030013100139340703,0.8952998504748878,0.09282839857041836
